id,fecha,cliente,segmento,monto,activo
1,2025-02-02,laura,d,3375.68,True
2,2025-10-10,diego,a,4804.91,True
3,2025-08-27,sofia,b,1886.02,False
4,2025-06-10,jose,b,2154.15,False
5,2025-06-08,luis,d,4070.01,True
6,2025-11-10,jose,a,2553.52,True
7,2025-02-01,laura,b,3696.04,False
8,2025-09-12,sofia,a,2325.56,False
9,2025-03-15,diego,d,1116.7,True
10,2025-02-04,sofia,c,3738.76,True
11,2025-07-12,marta,b,699.22,True
12,2025-12-23,laura,b,1032.99,True
13,2025-09-26,luis,a,3152.78,True
14,2025-10-05,marta,d,3748.99,True
15,2025-09-19,sofia,c,4478.71,True
16,2025-10-14,laura,b,1399.3,False
17,2025-07-07,carlos,b,598.09,True
18,2025-02-16,carlos,c,4782.43,True
19,2025-11-03,ana,c,814.39,True
20,2025-06-14,ana,b,1028.45,True
21,2025-07-02,ana,b,1492.08,True
22,2025-05-16,ana,c,2670.49,True
23,2025-03-08,laura,c,4419.99,True
24,2025-12-05,laura,c,3814.7,True
25,2025-10-13,laura,a,3555.38,False
26,2025-08-24,ana,b,917.14,True
27,2025-05-27,ana,c,1820.53,False
28,2025-10-28,marta,d,2418.1,False
29,2025-07-19,sofia,c,779.76,False
30,2025-06-11,marta,b,1403.48,True
31,2025-06-14,carlos,c,1576.25,True
32,2025-03-24,luis,a,680.02,True
33,2025-02-03,diego,a,2773.69,True
34,2025-07-22,marta,c,3539.89,True
35,2025-11-21,ana,d,396.16,False
36,2025-01-24,diego,d,2431.56,True
37,2025-11-10,jose,c,3921.95,True
38,2025-10-30,ana,a,3752.55,True
39,2025-04-12,carlos,d,4084.61,True
40,2025-08-19,laura,b,2268.79,True
41,2025-03-02,diego,b,4111.76,True
42,2025-10-04,laura,d,1241.73,True
43,2025-09-13,carlos,c,1836.01,True
44,2025-05-10,marta,c,922.96,True
45,2025-01-25,diego,b,2364.05,True
46,2025-12-21,luis,d,1990.7,True
47,2025-06-12,luis,b,1242.59,False
48,2025-11-22,sofia,c,3771.31,True
49,2025-09-05,diego,d,1603.54,True
50,2025-10-12,ana,c,1400.38,True
51,2025-10-05,sofia,a,697.91,True
52,2025-03-13,marta,b,2222.17,True
53,2025-05-13,sofia,b,1549.67,True
54,2025-06-20,jose,d,1877.9,False
55,2025-07-01,ana,c,1218.19,True
56,2025-01-16,jose,b,3827.62,True
57,2025-07-19,carlos,c,4653.52,True
58,2025-02-26,laura,c,2514.76,True
59,2025-09-29,carlos,b,3232.84,True
60,2025-09-07,marta,b,4342.5,True
61,2025-12-03,laura,d,4994.21,True
62,2025-09-29,diego,c,3086.91,True
63,2025-05-14,luis,a,4454.41,True
64,2025-12-20,diego,c,4547.61,True
65,2025-05-30,laura,c,3967.68,True
66,2025-04-29,carlos,c,2331.61,True
67,2025-11-27,jose,c,451.71,True
68,2025-05-16,diego,d,128.24,True
69,2025-01-28,marta,b,2412.14,True
70,2025-06-21,ana,b,2496.86,False
71,2025-10-18,diego,a,2066.44,True
72,2025-03-11,luis,c,2862.43,True
73,2025-06-18,laura,b,2783.21,True
74,2025-02-17,sofia,b,4191.23,False
75,2025-09-08,carlos,c,587.85,True
76,2025-06-23,luis,b,1164.63,True
77,2025-05-01,diego,b,3975.37,True
78,2025-03-24,luis,b,4246.79,False
79,2025-07-26,carlos,b,4974.38,True
80,2025-09-02,laura,a,4370.91,False
81,2025-12-10,jose,d,4455.0,True
82,2025-06-09,jose,a,1606.02,False
83,2025-02-28,jose,b,2038.23,True
84,2025-10-31,sofia,c,1377.02,True
85,2025-08-18,luis,a,3051.18,True
86,2025-09-13,laura,c,4697.09,True
87,2025-02-05,laura,c,1755.97,True
88,2025-04-25,jose,c,2807.16,True
89,2025-10-08,diego,b,1516.68,True
90,2025-10-31,luis,a,890.51,True
91,2025-06-08,sofia,d,1016.17,True
92,2025-10-21,carlos,b,336.83,False
93,2025-11-04,laura,d,4749.0,True
94,2025-05-22,carlos,a,2044.25,True
95,2025-11-24,marta,a,4178.9,True
96,2025-04-16,ana,d,3422.58,False
97,2025-03-29,laura,d,1000.01,True
98,2025-09-07,laura,d,918.54,True
99,2025-08-21,ana,d,4069.34,False
100,2025-02-21,carlos,a,1360.32,False
101,2025-10-31,carlos,d,4570.76,True
102,2025-03-14,carlos,c,743.27,True
103,2025-10-21,jose,a,3404.66,True
104,2025-01-03,luis,a,4081.65,True
105,2025-10-18,marta,d,1214.52,True
106,2025-10-15,luis,b,1417.23,True
107,2025-10-12,luis,d,4824.37,True
108,2025-08-31,jose,a,1359.76,True
109,2025-06-22,jose,b,2178.29,True
110,2025-09-15,ana,b,2190.95,True
111,2025-04-12,diego,b,1302.52,False
112,2025-10-12,luis,c,3890.17,False
113,2025-07-22,luis,d,3870.65,True
114,2025-06-17,marta,d,1922.67,True
115,2025-07-04,luis,c,4183.87,True
116,2025-07-27,carlos,a,1104.72,True
117,2025-01-14,jose,d,71.31,True
118,2025-02-21,sofia,c,2877.28,False
119,2025-03-31,diego,c,4970.68,False
120,2025-02-11,carlos,c,241.29,False
121,2025-06-10,ana,d,1079.59,False
122,2025-09-01,ana,d,2618.63,False
123,2025-08-27,marta,c,4059.21,True
124,2025-06-21,luis,c,490.76,False
125,2025-11-09,laura,c,2006.41,True
126,2025-07-26,laura,b,3748.03,True
127,2025-01-29,laura,b,1889.14,True
128,2025-10-07,diego,c,984.74,True
129,2025-07-29,sofia,a,1017.7,True
130,2025-08-20,diego,b,2079.74,True
131,2025-07-26,carlos,c,2423.11,True
132,2025-07-22,diego,d,4315.98,True
133,2025-02-03,laura,c,3229.15,False
134,2025-07-24,laura,b,3467.49,True
135,2025-10-18,sofia,b,4915.79,True
136,2025-04-21,ana,c,2088.63,True
137,2025-08-09,diego,c,2046.6,True
138,2025-01-12,marta,a,4620.57,True
139,2025-05-07,diego,c,1267.08,False
140,2025-06-09,sofia,b,3662.59,True
141,2025-12-25,jose,c,3785.14,True
142,2025-03-20,marta,d,534.05,True
143,2025-04-11,jose,d,2367.75,True
144,2025-05-30,laura,c,1042.78,False
145,2025-12-29,marta,b,967.61,True
146,2025-11-08,carlos,b,2345.95,False
147,2025-01-13,sofia,a,1482.68,True
148,2025-03-27,laura,d,3990.5,True
149,2025-10-27,diego,d,4542.64,True
150,2025-01-22,laura,d,4023.47,False
151,2025-11-09,marta,b,1366.85,False
152,2025-04-13,sofia,b,1406.97,True
153,2025-12-01,carlos,d,1310.91,False
154,2025-04-18,jose,c,718.44,True
155,2025-06-08,marta,c,4721.8,True
156,2025-08-30,sofia,b,2040.14,False
157,2025-02-16,ana,b,1162.21,True
158,2025-07-23,laura,c,4241.02,True
159,2025-07-04,carlos,d,2026.02,True
160,2025-10-14,marta,b,223.83,True
161,2025-12-30,sofia,d,851.61,False
162,2025-08-31,carlos,a,3214.29,True
163,2025-05-30,laura,b,3925.38,True
164,2025-05-29,sofia,d,1094.13,True
165,2025-06-02,sofia,d,4591.11,True
166,2025-10-25,ana,d,4262.44,False
167,2025-04-28,ana,b,4249.48,False
168,2025-03-02,carlos,d,1176.92,True
169,2025-05-03,jose,d,300.15,True
170,2025-01-09,jose,d,4343.75,True
171,2025-02-08,diego,a,1563.71,True
172,2025-02-02,diego,c,3113.64,True
173,2025-10-09,carlos,d,3811.84,True
174,2025-09-21,luis,d,685.05,True
175,2025-09-12,ana,a,3915.15,True
176,2025-06-18,marta,d,4695.63,True
177,2025-09-19,marta,a,3655.46,True
178,2025-02-28,luis,b,2234.05,False
179,2025-11-25,marta,c,4389.56,True
180,2025-07-02,ana,b,2660.92,True
181,2025-12-09,sofia,c,3736.62,False
182,2025-02-25,jose,a,4111.5,False
183,2025-07-01,diego,c,3759.3,True
184,2025-09-12,carlos,c,1474.88,True
185,2025-06-30,carlos,c,633.33,True
186,2025-06-12,marta,b,1229.78,True
187,2025-03-02,luis,b,2539.23,True
188,2025-05-20,sofia,b,2551.12,True
189,2025-03-29,sofia,b,2934.09,True
190,2025-04-21,ana,c,2005.75,True
191,2025-09-07,carlos,b,3945.11,False
192,2025-08-19,marta,b,4570.11,True
193,2025-08-10,luis,b,1271.29,False
194,2025-05-13,diego,a,3695.79,False
195,2025-12-17,sofia,c,3405.96,False
196,2025-02-01,diego,d,2639.3,True
197,2025-05-06,diego,b,983.22,False
198,2025-02-13,jose,d,3986.4,True
199,2025-05-04,laura,c,4805.1,True
200,2025-12-18,sofia,a,3623.09,False
201,2025-05-14,jose,b,4593.41,True
202,2025-11-28,carlos,a,4921.72,True
203,2025-06-30,jose,a,1792.65,True
204,2025-09-13,laura,b,3209.21,False
205,2025-06-16,diego,b,2395.97,True
206,2025-04-08,jose,d,4933.81,True
207,2025-10-06,sofia,a,514.35,False
208,2025-12-20,diego,d,2091.26,True
209,2025-04-07,marta,a,4383.92,True
210,2025-10-12,jose,a,1456.05,True
211,2025-04-06,sofia,c,3949.57,False
212,2025-09-19,laura,d,1944.78,True
213,2025-10-15,carlos,c,4900.89,True
214,2025-06-14,laura,a,4423.47,True
215,2025-09-26,ana,a,1541.54,False
216,2025-04-10,ana,b,3862.46,True
217,2025-01-29,sofia,b,1717.44,True
218,2025-02-05,diego,d,3051.5,False
219,2025-06-13,laura,b,3309.48,True
220,2025-11-26,carlos,a,4156.5,True
221,2025-02-16,diego,d,171.03,True
222,2025-06-16,sofia,a,1139.78,False
223,2025-09-14,jose,a,3573.99,True
224,2025-03-15,diego,b,2839.44,True
225,2025-09-21,carlos,b,2503.25,True
226,2025-04-22,jose,c,323.29,True
227,2025-10-23,ana,d,1773.97,True
228,2025-07-31,jose,d,4332.25,True
229,2025-07-19,luis,b,202.92,True
230,2025-03-06,marta,d,2012.36,False
231,2025-06-19,laura,c,4728.48,True
232,2025-11-09,diego,a,301.86,True
233,2025-01-08,jose,d,3761.04,True
234,2025-10-04,diego,a,1325.18,True
235,2025-06-29,diego,c,4339.71,True
236,2025-09-20,marta,d,3743.04,True
237,2025-08-31,ana,a,4434.24,True
238,2025-06-07,ana,b,1118.83,True
239,2025-04-23,marta,b,2679.9,True
240,2025-08-17,ana,d,3907.39,True
241,2025-02-21,sofia,a,1266.21,True
242,2025-08-02,laura,c,1192.19,False
243,2025-02-04,jose,b,184.55,True
244,2025-08-26,carlos,a,4794.65,True
245,2025-08-18,jose,c,3564.58,True
246,2025-01-31,jose,d,3196.02,True
247,2025-10-04,laura,c,3732.77,True
248,2025-06-01,carlos,a,2681.48,True
249,2025-10-15,marta,a,2406.86,True
250,2025-01-16,jose,b,2275.18,True
251,2025-03-07,luis,c,3220.17,True
252,2025-06-30,carlos,c,1047.6,True
253,2025-03-10,ana,a,4445.89,False
254,2025-05-01,laura,c,4068.17,True
255,2025-08-30,diego,b,1780.34,False
256,2025-02-22,ana,c,2914.12,True
257,2025-09-05,luis,d,748.09,False
258,2025-02-07,sofia,c,4863.11,True
259,2025-03-05,sofia,a,4519.32,True
260,2025-08-03,laura,d,4613.39,True
261,2025-10-17,marta,a,1694.21,True
262,2025-03-04,jose,d,887.22,False
263,2025-04-20,carlos,a,1098.27,True
264,2025-12-04,laura,c,495.51,True
265,2025-12-28,luis,a,644.55,True
266,2025-08-01,ana,a,402.96,False
267,2025-06-13,ana,c,4949.62,True
268,2025-05-07,marta,c,416.59,True
269,2025-08-12,jose,a,706.08,False
270,2025-08-04,ana,d,4144.91,False
271,2025-04-18,marta,b,2922.19,True
272,2025-01-09,ana,b,3883.37,True
273,2025-02-25,jose,b,3173.01,False
274,2025-12-16,diego,b,4416.77,True
275,2025-06-02,laura,a,3210.41,True
276,2025-06-26,diego,b,2634.52,True
277,2025-06-20,diego,a,3578.11,True
278,2025-10-13,laura,a,2264.59,True
279,2025-01-24,ana,b,1763.02,True
280,2025-01-31,laura,c,2364.88,True
281,2025-04-11,diego,d,890.08,True
282,2025-06-27,diego,b,3993.03,True
283,2025-09-02,carlos,b,1340.48,True
284,2025-06-29,laura,d,809.98,True
285,2025-06-11,carlos,c,1269.44,True
286,2025-12-09,ana,d,4218.25,True
287,2025-02-28,jose,d,1684.5,True
288,2025-07-28,luis,d,3445.95,True
289,2025-07-17,ana,d,4289.23,False
290,2025-06-22,sofia,b,434.84,True
291,2025-10-22,luis,b,3836.87,False
292,2025-04-08,laura,b,1572.94,True
293,2025-12-15,carlos,a,1122.28,True
294,2025-05-02,ana,c,3460.06,False
295,2025-07-18,jose,c,4553.49,False
296,2025-07-10,sofia,d,1510.35,True
297,2025-11-07,marta,a,2865.73,True
298,2025-06-10,diego,b,1484.68,True
299,2025-04-14,sofia,a,2793.71,True
300,2025-01-08,ana,d,3128.22,True
301,2025-05-13,laura,b,3071.16,False
302,2025-10-29,carlos,a,3136.55,True
303,2025-01-04,diego,c,718.64,True
304,2025-11-24,jose,d,3483.03,True
305,2025-07-18,sofia,d,3390.01,True
306,2025-02-21,diego,a,3428.81,True
307,2025-04-21,marta,b,416.65,True
308,2025-07-22,luis,a,2261.85,True
309,2025-04-26,carlos,b,2074.72,True
310,2025-02-09,laura,c,479.22,True
311,2025-09-01,sofia,b,1150.72,True
312,2025-09-03,marta,a,2232.77,False
313,2025-02-13,laura,c,3727.39,True
314,2025-04-13,laura,a,1223.46,True
315,2025-03-31,jose,a,4157.26,True
316,2025-08-29,marta,a,2751.7,True
317,2025-09-24,diego,a,3814.09,True
318,2025-09-23,sofia,b,2389.15,True
319,2025-12-09,carlos,d,2521.01,True
320,2025-10-08,carlos,d,3117.61,False
321,2025-04-28,ana,a,4643.45,True
322,2025-02-09,marta,a,2484.47,True
323,2025-08-13,sofia,b,2666.85,True
324,2025-12-01,jose,c,3029.88,False
325,2025-12-22,laura,c,3700.7,False
326,2025-03-26,luis,d,405.66,True
327,2025-03-28,diego,b,2602.65,True
328,2025-01-14,ana,a,2433.88,True
329,2025-02-21,diego,a,4612.34,False
330,2025-07-22,marta,a,2492.86,True
331,2025-07-19,carlos,a,2368.19,True
332,2025-05-16,diego,d,4812.89,True
333,2025-04-24,carlos,b,2280.35,True
334,2025-10-30,laura,d,945.38,False
335,2025-06-17,sofia,c,1123.73,True
336,2025-10-23,jose,c,521.18,True
337,2025-12-18,diego,b,52.81,True
338,2025-04-26,marta,d,2188.13,True
339,2025-03-15,laura,a,3857.75,True
340,2025-12-14,carlos,a,3680.66,True
341,2025-08-20,sofia,b,209.14,True
342,2025-04-17,luis,b,2871.42,True
343,2025-08-15,ana,c,813.7,True
344,2025-07-07,sofia,c,4708.33,True
345,2025-11-27,luis,c,878.46,True
346,2025-04-04,jose,b,3151.86,True
347,2025-12-28,laura,b,1664.88,True
348,2025-12-08,diego,d,3225.73,True
349,2025-03-07,diego,a,2090.68,True
350,2025-03-02,sofia,c,3810.23,True
351,2025-07-14,ana,c,1191.86,True
352,2025-01-17,carlos,d,4533.67,True
353,2025-04-20,carlos,c,2526.04,False
354,2025-06-08,jose,b,3792.66,True
355,2025-12-20,luis,b,4256.16,True
356,2025-12-29,carlos,b,4994.2,False
357,2025-02-25,marta,b,1158.53,True
358,2025-11-22,luis,a,1470.12,True
359,2025-02-03,ana,c,1289.64,True
360,2025-10-01,marta,a,1351.21,True
361,2025-11-05,ana,c,2933.1,True
362,2025-11-22,ana,d,4967.94,True
363,2025-03-23,marta,d,4951.88,True
364,2025-11-23,luis,a,2657.53,True
365,2025-02-12,sofia,d,3213.18,True
366,2025-07-09,ana,a,4306.85,True
367,2025-06-21,marta,b,4668.02,True
368,2025-04-26,carlos,a,1059.11,True
369,2025-01-09,jose,a,2666.28,False
370,2025-10-09,diego,a,4172.54,True
371,2025-05-03,jose,a,1550.85,True
372,2025-08-30,marta,d,2227.05,True
373,2025-05-30,carlos,a,4928.82,True
374,2025-05-17,carlos,b,4925.98,True
375,2025-11-20,jose,c,4535.23,True
376,2025-02-04,jose,d,4002.32,True
377,2025-09-26,jose,d,1382.2,True
378,2025-09-30,laura,a,1638.21,True
379,2025-05-19,sofia,d,2759.05,True
380,2025-04-06,sofia,c,2825.85,True
381,2025-01-02,jose,a,2552.24,True
382,2025-12-08,marta,b,3201.52,True
383,2025-12-12,marta,d,2071.2,True
384,2025-03-29,jose,b,3758.41,True
385,2025-01-12,carlos,a,1701.07,True
386,2025-02-14,luis,d,1686.85,True
387,2025-01-25,sofia,d,679.77,True
388,2025-10-31,marta,d,984.13,False
389,2025-11-22,jose,d,4260.08,True
390,2025-02-25,jose,d,2259.1,True
391,2025-09-30,marta,b,1177.95,True
392,2025-03-07,sofia,a,3808.74,False
393,2025-05-15,jose,c,2792.21,True
394,2025-08-07,diego,a,154.72,True
395,2025-09-20,luis,b,1615.99,False
396,2025-11-16,sofia,c,926.16,True
397,2025-01-17,sofia,d,3296.57,False
398,2025-03-13,diego,b,1411.4,True
399,2025-04-13,ana,b,371.49,True
400,2025-04-24,marta,c,321.93,True
401,2025-12-31,laura,a,2929.55,True
402,2025-10-11,luis,c,157.53,False
403,2025-04-27,marta,c,4251.52,True
404,2025-12-21,marta,c,819.22,False
405,2025-07-02,luis,b,3052.5,True
406,2025-07-02,luis,d,2251.21,True
407,2025-06-08,marta,b,2242.12,False
408,2025-02-22,laura,c,405.4,True
409,2025-12-08,ana,b,4023.62,False
410,2025-01-06,marta,a,4470.61,True
411,2025-03-05,ana,c,104.53,True
412,2025-03-25,sofia,a,934.09,True
413,2025-04-12,marta,d,4524.33,True
414,2025-02-18,laura,c,2769.99,True
415,2025-01-07,sofia,b,792.7,True
416,2025-09-05,laura,b,1053.81,True
417,2025-12-20,diego,c,3316.93,True
418,2025-02-14,carlos,b,3637.84,False
419,2025-04-19,laura,b,3017.16,True
420,2025-07-04,carlos,b,4768.08,True
421,2025-12-05,jose,b,2495.61,False
422,2025-09-11,jose,d,1536.35,True
423,2025-10-07,sofia,a,2412.3,True
424,2025-08-01,diego,d,1830.35,True
425,2025-06-02,marta,b,1160.86,True
426,2025-03-14,laura,c,277.52,True
427,2025-11-12,diego,a,1793.45,True
428,2025-10-21,jose,b,3571.48,True
429,2025-01-10,marta,d,141.27,True
430,2025-09-19,laura,b,2223.93,True
431,2025-01-31,carlos,a,3237.85,True
432,2025-09-27,luis,c,3071.5,True
433,2025-10-29,luis,a,3894.41,True
434,2025-02-17,sofia,b,4062.07,False
435,2025-06-08,marta,b,3572.94,True
436,2025-02-15,ana,c,558.85,True
437,2025-07-27,carlos,c,2401.36,True
438,2025-12-05,diego,c,3036.86,True
439,2025-01-30,marta,d,1265.55,True
440,2025-05-26,jose,a,260.63,True
441,2025-12-22,laura,b,1156.77,False
442,2025-04-20,sofia,a,2301.73,True
443,2025-02-18,jose,a,2098.96,False
444,2025-06-28,carlos,a,924.5,True
445,2025-07-05,luis,c,4130.86,True
446,2025-08-30,ana,d,4632.15,True
447,2025-04-25,jose,d,1046.67,True
448,2025-12-15,jose,c,4651.39,True
449,2025-07-10,diego,d,138.41,False
450,2025-04-15,ana,a,4628.56,False
451,2025-12-17,marta,d,4762.05,True
452,2025-12-04,ana,d,109.66,True
453,2025-07-02,ana,a,3826.95,True
454,2025-01-10,luis,b,4852.5,False
455,2025-08-06,sofia,d,4534.22,True
456,2025-07-22,ana,b,4855.02,True
457,2025-02-24,jose,d,2774.1,True
458,2025-08-20,carlos,d,436.87,True
459,2025-11-03,marta,b,4256.46,True
460,2025-02-08,sofia,a,3088.45,False
461,2025-09-22,laura,b,3092.95,True
462,2025-02-21,marta,a,2115.41,False
463,2025-10-01,ana,b,2880.62,True
464,2025-06-02,ana,c,810.22,True
465,2025-01-03,laura,b,3711.86,True
466,2025-12-19,ana,a,421.34,True
467,2025-03-02,diego,b,3662.41,True
468,2025-08-06,carlos,c,4252.44,True
469,2025-03-08,laura,a,2388.72,True
470,2025-12-07,ana,a,2573.66,True
471,2025-09-27,jose,d,1595.46,True
472,2025-10-21,diego,a,4848.82,True
473,2025-06-07,carlos,b,3678.97,True
474,2025-06-20,luis,a,1876.49,False
475,2025-08-20,jose,a,915.3,True
476,2025-10-14,marta,b,1136.92,False
477,2025-11-06,carlos,c,2346.42,True
478,2025-01-07,carlos,a,4715.71,True
479,2025-08-31,luis,a,3684.02,True
480,2025-02-09,carlos,a,1115.46,False
481,2025-04-16,luis,c,4304.83,True
482,2025-10-30,ana,d,1922.09,True
483,2025-04-02,marta,a,4266.02,True
484,2025-10-18,ana,b,1246.41,True
485,2025-06-18,carlos,b,3112.37,True
486,2025-03-26,laura,b,4637.02,True
487,2025-05-02,luis,a,1326.58,True
488,2025-07-13,ana,a,3479.99,True
489,2025-10-07,ana,c,4937.2,True
490,2025-08-10,sofia,b,795.46,True
491,2025-12-07,marta,b,487.59,True
492,2025-11-13,carlos,b,3387.27,False
493,2025-10-02,ana,d,1731.69,True
494,2025-08-09,marta,c,402.66,True
495,2025-04-16,carlos,b,2402.76,True
496,2025-05-31,carlos,a,3781.16,True
497,2025-02-13,sofia,d,1461.36,True
498,2025-05-17,laura,d,1708.48,True
499,2025-12-05,carlos,a,4236.21,False
500,2025-06-05,laura,d,2624.36,True
501,2025-02-11,sofia,c,4221.52,False
502,2025-08-26,marta,a,2259.63,True
503,2025-12-18,luis,d,4767.23,True
504,2025-11-13,marta,a,3271.43,True
505,2025-04-11,sofia,a,623.7,True
506,2025-06-15,luis,a,4431.21,True
507,2025-07-13,jose,b,2471.86,True
508,2025-04-01,carlos,c,751.11,True
509,2025-04-09,laura,b,805.82,True
510,2025-03-28,diego,a,3453.29,True
511,2025-12-30,marta,a,284.49,True
512,2025-09-30,luis,d,1468.64,False
513,2025-11-03,diego,d,741.95,True
514,2025-10-26,marta,d,2233.33,True
515,2025-12-17,luis,a,2101.05,True
516,2025-02-08,jose,d,2633.29,True
517,2025-11-18,carlos,c,1434.2,False
518,2025-01-25,ana,c,208.62,True
519,2025-06-23,carlos,a,3091.21,True
520,2025-08-05,carlos,d,1899.9,True
521,2025-05-11,laura,b,3274.11,True
522,2025-02-23,diego,a,587.9,True
523,2025-03-12,luis,a,118.2,True
524,2025-10-29,luis,b,1279.06,True
525,2025-04-27,sofia,a,2309.91,True
526,2025-04-24,ana,b,2000.66,True
527,2025-12-04,marta,b,4061.0,True
528,2025-02-22,luis,d,1920.3,False
529,2025-12-01,ana,a,2675.68,True
530,2025-12-03,jose,c,2987.9,True
531,2025-08-07,ana,d,158.07,True
532,2025-03-02,ana,d,2599.91,True
533,2025-02-26,jose,d,1756.91,True
534,2025-04-14,luis,a,2135.34,True
535,2025-07-30,laura,d,546.42,False
536,2025-02-26,ana,d,3924.96,True
537,2025-06-16,luis,b,4714.9,True
538,2025-02-12,ana,b,160.23,True
539,2025-07-17,diego,c,3026.8,True
540,2025-01-08,sofia,b,3831.03,True
541,2025-09-16,carlos,b,1459.8,True
542,2025-01-21,luis,d,3948.4,False
543,2025-03-13,ana,d,3180.16,True
544,2025-03-05,sofia,b,4649.36,True
545,2025-10-31,luis,d,4905.97,True
546,2025-01-20,sofia,b,259.61,False
547,2025-06-06,diego,d,2252.44,True
548,2025-08-04,laura,c,2757.59,True
549,2025-07-08,carlos,b,776.38,False
550,2025-09-06,ana,a,1714.61,True
551,2025-10-21,marta,c,4938.85,False
552,2025-05-24,laura,b,130.34,True
553,2025-10-30,sofia,a,2289.91,True
554,2025-04-27,sofia,a,4221.14,True
555,2025-12-26,carlos,d,1653.31,True
556,2025-07-04,luis,a,2425.0,True
557,2025-09-26,jose,d,4891.33,True
558,2025-11-16,laura,d,2400.64,True
559,2025-10-17,jose,a,698.06,True
560,2025-11-07,laura,c,306.02,True
561,2025-07-15,marta,c,4729.81,True
562,2025-01-16,marta,b,1365.76,True
563,2025-06-29,luis,c,2545.12,True
564,2025-03-08,jose,b,498.97,False
565,2025-11-21,sofia,b,2147.09,True
566,2025-03-28,carlos,b,4654.02,True
567,2025-03-25,jose,d,2536.94,True
568,2025-04-02,sofia,c,4857.12,True
569,2025-08-23,jose,b,1331.24,True
570,2025-07-28,jose,d,2547.5,True
571,2025-12-13,ana,d,4304.68,True
572,2025-06-01,marta,d,2268.85,False
573,2025-04-14,diego,c,1433.46,False
574,2025-01-18,laura,b,4284.6,True
575,2025-01-03,luis,d,1979.95,False
576,2025-05-17,marta,b,2677.08,False
577,2025-12-04,sofia,b,4883.81,True
578,2025-07-11,laura,b,973.09,True
579,2025-11-23,ana,d,1541.93,True
580,2025-02-07,sofia,c,203.79,True
581,2025-02-04,marta,b,1989.6,True
582,2025-11-01,luis,b,1040.91,True
583,2025-02-08,sofia,b,3416.17,True
584,2025-01-19,carlos,c,947.54,True
585,2025-05-28,diego,b,3390.32,True
586,2025-12-04,marta,c,1354.2,True
587,2025-09-09,laura,b,1808.33,True
588,2025-02-06,ana,b,1776.86,True
589,2025-11-02,laura,d,3597.92,True
590,2025-11-04,ana,b,2359.22,False
591,2025-10-20,diego,a,1838.43,False
592,2025-11-26,marta,b,4270.48,False
593,2025-03-29,carlos,c,2881.16,False
594,2025-12-24,ana,a,1108.46,False
595,2025-04-28,diego,b,4505.45,True
596,2025-10-20,luis,a,1746.12,True
597,2025-07-31,diego,c,242.95,True
598,2025-10-12,diego,c,2498.27,True
599,2025-08-18,laura,d,663.49,True
600,2025-08-23,diego,b,1230.41,True
601,2025-08-13,marta,d,3748.2,False
602,2025-10-12,diego,a,697.22,True
603,2025-09-27,laura,d,4044.37,False
604,2025-02-19,marta,c,4687.69,True
605,2025-10-29,ana,d,3052.33,True
606,2025-07-15,jose,d,3566.28,True
607,2025-04-28,luis,c,3582.25,True
608,2025-07-07,sofia,b,4964.4,True
609,2025-12-19,luis,c,1740.61,True
610,2025-11-10,luis,d,856.14,False
611,2025-11-01,laura,d,2619.88,True
612,2025-06-18,luis,d,2689.59,True
613,2025-10-14,diego,a,930.67,True
614,2025-05-21,diego,c,3084.89,True
615,2025-09-08,ana,a,119.92,True
616,2025-08-22,luis,c,4641.96,True
617,2025-04-02,laura,d,1359.64,True
618,2025-04-08,sofia,a,245.82,True
619,2025-01-23,ana,c,585.83,True
620,2025-02-21,jose,d,1239.23,True
621,2025-06-08,marta,d,1405.84,True
622,2025-06-24,ana,b,212.41,True
623,2025-03-02,jose,a,1432.81,True
624,2025-06-02,ana,d,1005.06,True
625,2025-08-09,sofia,d,1924.17,True
626,2025-03-26,jose,c,1956.58,True
627,2025-05-04,sofia,d,1728.09,True
628,2025-05-15,sofia,a,1673.22,True
629,2025-07-04,carlos,c,494.17,True
630,2025-05-14,luis,a,174.76,False
631,2025-09-26,sofia,d,1050.47,True
632,2025-04-30,jose,c,3795.41,False
633,2025-06-08,ana,d,4954.51,True
634,2025-05-19,jose,c,4646.2,True
635,2025-03-08,carlos,a,2545.89,True
636,2025-09-08,sofia,a,2682.53,True
637,2025-03-27,luis,b,1607.18,False
638,2025-04-19,sofia,c,3881.0,True
639,2025-10-17,luis,a,3835.55,True
640,2025-12-13,marta,d,4229.15,True
641,2025-09-02,diego,a,4482.75,True
642,2025-12-01,ana,b,2200.03,True
643,2025-11-08,carlos,a,3846.03,False
644,2025-06-25,sofia,b,4041.67,True
645,2025-10-09,luis,b,1576.88,False
646,2025-04-30,marta,a,4649.75,True
647,2025-06-18,marta,c,516.99,True
648,2025-07-15,diego,d,4971.63,True
649,2025-12-17,jose,d,3861.95,False
650,2025-11-06,laura,b,511.69,True
651,2025-06-28,luis,d,3298.34,True
652,2025-08-27,ana,d,219.19,True
653,2025-03-15,ana,d,3862.43,True
654,2025-10-21,sofia,b,4006.15,True
655,2025-07-21,luis,d,3031.93,True
656,2025-07-14,luis,c,4291.46,True
657,2025-10-07,laura,a,534.52,True
658,2025-08-20,laura,b,1415.82,True
659,2025-01-27,laura,c,2100.18,False
660,2025-04-16,marta,a,260.17,True
661,2025-03-06,sofia,b,2268.67,False
662,2025-09-26,sofia,d,1362.81,False
663,2025-01-13,luis,a,1994.04,True
664,2025-03-15,sofia,b,2154.26,True
665,2025-08-07,sofia,a,4403.09,True
666,2025-09-11,carlos,c,1388.19,True
667,2025-07-03,laura,a,4474.03,True
668,2025-11-11,diego,d,2158.56,True
669,2025-12-02,sofia,a,1672.65,True
670,2025-02-18,diego,d,2537.43,True
671,2025-12-14,laura,d,2117.83,False
672,2025-08-13,sofia,d,1323.99,True
673,2025-08-21,marta,d,2538.26,True
674,2025-02-04,laura,a,801.42,False
675,2025-08-15,diego,d,1792.05,True
676,2025-09-22,jose,c,2850.66,True
677,2025-07-31,luis,d,2096.37,False
678,2025-01-31,carlos,d,4128.37,True
679,2025-07-10,jose,c,1320.77,True
680,2025-12-08,sofia,b,4850.37,True
681,2025-09-22,jose,a,3934.37,False
682,2025-02-20,ana,a,4839.59,True
683,2025-12-17,ana,b,4198.78,True
684,2025-12-16,laura,d,753.41,True
685,2025-03-03,marta,c,2655.98,True
686,2025-10-20,sofia,b,891.39,True
687,2025-05-29,carlos,a,4100.23,True
688,2025-08-05,carlos,c,2941.6,False
689,2025-06-12,jose,c,1354.07,True
690,2025-10-13,ana,d,4651.51,True
691,2025-12-30,laura,c,620.17,True
692,2025-10-18,jose,c,2841.12,True
693,2025-12-06,diego,d,3619.15,True
694,2025-12-12,carlos,b,341.3,True
695,2025-02-02,luis,d,3009.39,True
696,2025-04-03,diego,b,4088.71,True
697,2025-09-21,carlos,a,384.26,True
698,2025-08-04,luis,b,2585.6,True
699,2025-01-19,marta,a,1329.86,True
700,2025-02-04,jose,a,3331.48,False
701,2025-07-09,marta,d,637.45,True
702,2025-08-13,luis,d,4688.4,False
703,2025-03-03,diego,a,4478.91,False
704,2025-03-04,luis,d,970.57,True
705,2025-02-17,jose,a,1650.17,False
706,2025-07-26,laura,b,2958.79,True
707,2025-01-03,jose,c,3604.41,True
708,2025-07-28,jose,b,2241.15,True
709,2025-06-23,luis,c,823.64,True
710,2025-06-20,luis,d,565.55,True
711,2025-09-05,marta,a,4998.84,True
712,2025-07-10,carlos,a,2303.99,True
713,2025-09-23,jose,d,4369.03,True
714,2025-10-06,diego,c,2437.76,True
715,2025-12-02,diego,c,4615.67,True
716,2025-10-19,jose,b,484.41,True
717,2025-07-08,diego,b,614.39,True
718,2025-06-29,carlos,c,4651.68,True
719,2025-03-28,carlos,c,4740.09,True
720,2025-08-07,sofia,a,1607.85,True
721,2025-02-20,ana,c,1808.07,True
722,2025-12-06,diego,c,2289.63,False
723,2025-11-05,diego,a,2110.0,True
724,2025-02-13,diego,b,990.72,True
725,2025-10-14,sofia,d,4496.96,True
726,2025-02-12,laura,c,1303.87,False
727,2025-09-21,jose,a,3541.1,True
728,2025-02-02,sofia,a,382.42,True
729,2025-06-28,carlos,c,241.82,True
730,2025-08-29,ana,b,3285.97,True
731,2025-09-24,laura,d,1728.13,True
732,2025-06-02,jose,c,3294.52,True
733,2025-12-03,diego,d,515.4,True
734,2025-10-10,laura,a,4751.76,True
735,2025-03-18,laura,b,3755.15,True
736,2025-09-02,laura,a,4387.52,True
737,2025-09-24,sofia,c,725.53,False
738,2025-05-02,ana,a,1634.8,True
739,2025-09-27,ana,b,1873.3,True
740,2025-11-24,luis,b,2709.0,True
741,2025-10-26,carlos,a,1519.5,False
742,2025-10-06,diego,a,350.12,True
743,2025-08-20,carlos,c,1875.95,False
744,2025-04-09,ana,d,1310.02,True
745,2025-10-18,luis,a,1960.31,True
746,2025-05-13,jose,b,1024.95,True
747,2025-07-14,jose,a,1346.39,True
748,2025-04-25,carlos,d,3153.41,False
749,2025-04-25,laura,b,1971.36,False
750,2025-02-27,diego,d,1759.65,True
751,2025-12-17,jose,a,2692.83,False
752,2025-02-23,jose,a,3870.71,True
753,2025-02-01,diego,c,1925.4,True
754,2025-12-08,carlos,c,2958.22,True
755,2025-07-22,diego,d,4832.7,True
756,2025-06-09,marta,d,2633.8,False
757,2025-09-27,marta,d,4553.5,True
758,2025-05-20,sofia,c,3978.68,True
759,2025-02-16,sofia,b,340.66,True
760,2025-09-24,sofia,b,2174.04,True
761,2025-03-06,carlos,a,3506.68,True
762,2025-07-21,carlos,b,4934.22,True
763,2025-12-13,ana,b,2318.96,True
764,2025-12-08,sofia,a,509.29,True
765,2025-05-12,sofia,a,2831.95,True
766,2025-10-12,jose,c,676.49,True
767,2025-08-12,sofia,b,3770.02,True
768,2025-06-24,carlos,d,2563.0,True
769,2025-02-21,ana,b,3630.99,False
770,2025-05-18,luis,d,4353.34,True
771,2025-08-26,marta,c,3163.29,False
772,2025-12-27,carlos,a,3081.57,True
773,2025-01-02,marta,a,3785.12,True
774,2025-09-19,carlos,c,4220.15,True
775,2025-11-05,laura,c,4351.82,True
776,2025-12-14,luis,b,230.33,False
777,2025-06-04,marta,c,2803.14,True
778,2025-02-13,luis,d,1120.53,True
779,2025-04-09,marta,b,4308.71,True
780,2025-11-07,diego,a,3259.57,True
781,2025-11-17,ana,b,2130.1,True
782,2025-08-21,marta,d,981.12,True
783,2025-02-14,ana,d,1728.17,True
784,2025-02-14,jose,d,3533.7,True
785,2025-06-24,diego,d,1061.58,True
786,2025-08-03,luis,a,513.24,True
787,2025-01-12,luis,b,4445.74,True
788,2025-09-08,ana,a,3832.84,True
789,2025-07-18,carlos,a,1038.98,True
790,2025-01-05,laura,d,1496.94,True
791,2025-02-04,sofia,d,4861.75,True
792,2025-06-15,jose,a,3555.51,True
793,2025-09-21,marta,c,3072.08,True
794,2025-10-29,marta,c,1572.76,True
795,2025-06-07,carlos,a,1530.67,True
796,2025-04-18,luis,d,245.64,False
797,2025-12-20,jose,d,3655.99,True
798,2025-06-17,luis,c,263.72,True
799,2025-04-26,carlos,c,74.04,True
800,2025-06-11,sofia,b,3661.0,True
801,2025-01-05,ana,d,4746.93,False
802,2025-04-21,carlos,b,3794.69,True
803,2025-07-08,carlos,d,2384.62,True
804,2025-12-02,marta,a,2455.92,False
805,2025-09-27,luis,a,2208.88,True
806,2025-10-13,ana,d,1656.99,True
807,2025-07-18,ana,b,2632.49,True
808,2025-02-10,carlos,b,2184.2,True
809,2025-05-23,ana,d,3010.93,True
810,2025-12-30,jose,a,4495.69,True
811,2025-01-17,luis,c,4975.3,False
812,2025-11-17,diego,b,439.78,False
813,2025-09-07,diego,a,1954.18,True
814,2025-04-14,carlos,d,944.5,True
815,2025-10-11,jose,a,1793.0,True
816,2025-11-02,ana,a,1472.99,True
817,2025-01-16,luis,c,913.96,True
818,2025-02-08,marta,d,3832.18,True
819,2025-08-31,luis,a,2506.63,True
820,2025-12-31,marta,c,4600.27,True
821,2025-01-09,marta,c,211.33,True
822,2025-08-31,laura,d,381.54,True
823,2025-02-19,marta,a,2046.2,True
824,2025-08-26,jose,d,447.37,False
825,2025-08-16,laura,c,1350.51,True
826,2025-02-03,jose,d,4930.85,False
827,2025-09-06,ana,b,1084.35,True
828,2025-11-24,jose,d,1030.68,False
829,2025-11-12,sofia,c,2889.52,True
830,2025-01-11,jose,a,2515.09,True
831,2025-03-31,marta,d,2923.17,False
832,2025-03-29,jose,d,1914.84,True
833,2025-06-15,sofia,b,4142.47,True
834,2025-02-22,ana,c,735.97,True
835,2025-11-08,carlos,b,2170.54,True
836,2025-10-11,luis,c,3464.32,True
837,2025-10-23,jose,d,4347.77,True
838,2025-03-14,marta,d,1879.38,False
839,2025-01-06,luis,a,2860.34,True
840,2025-11-29,sofia,d,392.24,True
841,2025-04-16,carlos,b,893.08,True
842,2025-08-28,ana,c,392.23,False
843,2025-11-28,laura,d,3653.01,True
844,2025-01-14,laura,b,1475.9,True
845,2025-01-02,diego,b,3632.54,True
846,2025-01-02,sofia,b,378.67,True
847,2025-02-27,carlos,d,4319.61,True
848,2025-01-19,sofia,b,4185.87,True
849,2025-10-27,sofia,b,490.2,True
850,2025-08-10,luis,b,167.59,True
851,2025-12-24,ana,a,328.63,True
852,2025-10-20,marta,b,4275.47,True
853,2025-12-18,carlos,a,1211.78,True
854,2025-03-29,luis,a,2763.95,True
855,2025-04-16,ana,c,2159.91,True
856,2025-11-07,laura,a,3987.85,True
857,2025-03-31,marta,c,2470.05,True
858,2025-01-21,sofia,d,2528.27,True
859,2025-09-02,sofia,c,4946.01,True
860,2025-10-20,diego,b,793.14,True
861,2025-12-20,diego,a,4161.98,True
862,2025-12-05,marta,d,306.16,True
863,2025-02-13,laura,d,2414.36,True
864,2025-10-09,marta,c,4437.36,True
865,2025-11-05,laura,a,3342.81,True
866,2025-09-12,carlos,a,3441.81,True
867,2025-10-27,ana,b,1353.42,True
868,2025-11-02,laura,a,2121.95,True
869,2025-06-12,ana,d,1864.58,True
870,2025-01-15,laura,a,2631.14,True
871,2025-06-16,ana,b,2338.03,False
872,2025-03-15,luis,d,1668.15,True
873,2025-02-11,sofia,d,1562.13,False
874,2025-02-15,jose,a,1291.72,True
875,2025-09-12,carlos,b,1856.98,True
876,2025-07-04,ana,c,792.21,True
877,2025-07-17,luis,c,4366.92,True
878,2025-09-29,jose,d,3030.49,False
879,2025-07-20,diego,d,712.24,True
880,2025-08-18,ana,d,3484.6,False
881,2025-02-01,carlos,a,4245.95,True
882,2025-11-07,marta,a,1225.8,False
883,2025-06-13,luis,c,795.47,False
884,2025-02-26,laura,a,92.66,True
885,2025-10-24,sofia,b,283.89,True
886,2025-09-26,luis,a,3823.14,True
887,2025-01-20,diego,d,4936.57,True
888,2025-03-12,carlos,a,272.16,False
889,2025-01-06,ana,a,3752.95,True
890,2025-04-09,carlos,a,405.72,True
891,2025-02-06,luis,a,2981.06,True
892,2025-09-17,luis,c,3792.57,True
893,2025-07-10,jose,b,1828.06,False
894,2025-12-24,diego,d,104.13,True
895,2025-10-01,luis,b,2996.19,True
896,2025-08-12,laura,c,4956.66,False
897,2025-07-05,sofia,c,1325.21,True
898,2025-01-20,laura,c,987.98,True
899,2025-01-26,diego,d,663.43,True
900,2025-08-13,marta,a,2798.52,True
901,2025-01-02,sofia,c,3002.4,True
902,2025-01-16,sofia,d,3971.74,False
903,2025-03-21,diego,d,3777.71,True
904,2025-11-19,luis,c,4468.08,False
905,2025-06-17,marta,c,4038.57,False
906,2025-09-16,luis,d,1273.97,False
907,2025-05-31,marta,c,2801.59,True
908,2025-03-05,luis,d,1522.19,True
909,2025-05-16,ana,a,1682.44,True
910,2025-02-03,jose,b,4663.12,True
911,2025-10-09,ana,a,3425.38,True
912,2025-03-08,jose,a,4874.22,True
913,2025-05-18,ana,b,2113.72,True
914,2025-12-24,laura,a,2710.32,True
915,2025-08-05,marta,b,2461.22,True
916,2025-06-17,sofia,b,581.07,True
917,2025-07-18,marta,c,1221.67,True
918,2025-10-14,carlos,d,2661.8,True
919,2025-04-03,carlos,d,383.5,True
920,2025-08-21,sofia,b,4660.74,False
921,2025-11-15,carlos,b,663.03,False
922,2025-07-28,sofia,d,1030.0,True
923,2025-06-12,laura,a,3838.34,True
924,2025-02-22,carlos,c,529.83,True
925,2025-04-01,marta,b,4506.38,True
926,2025-12-12,luis,a,3642.22,True
927,2025-07-17,marta,c,389.67,True
928,2025-04-20,luis,b,3474.64,False
929,2025-06-02,luis,a,3176.56,False
930,2025-07-30,jose,c,3798.88,False
931,2025-07-16,ana,a,4149.58,True
932,2025-09-13,carlos,c,3605.84,True
933,2025-04-04,laura,a,2951.57,False
934,2025-08-25,jose,b,1646.19,True
935,2025-06-11,luis,d,3501.5,True
936,2025-12-10,luis,a,4787.01,True
937,2025-02-27,marta,d,2958.23,True
938,2025-02-24,sofia,c,3338.51,True
939,2025-06-18,jose,d,2213.78,True
940,2025-07-05,luis,a,3792.8,True
941,2025-09-10,luis,c,4988.45,True
942,2025-05-28,marta,d,843.93,True
943,2025-11-30,laura,d,1051.91,True
944,2025-06-23,ana,a,2720.22,True
945,2025-02-17,carlos,d,2432.81,False
946,2025-02-13,ana,a,2879.27,True
947,2025-12-22,luis,c,292.92,True
948,2025-02-18,jose,b,2051.17,True
949,2025-12-12,ana,c,2935.74,True
950,2025-04-12,marta,c,2946.7,False
951,2025-02-04,jose,a,3303.8,True
952,2025-04-22,sofia,c,3615.07,True
953,2025-08-13,ana,d,3225.66,True
954,2025-06-06,carlos,b,3961.7,True
955,2025-10-14,jose,b,3142.57,False
956,2025-08-12,carlos,d,2710.66,True
957,2025-05-27,sofia,a,3050.67,False
958,2025-08-20,sofia,b,550.91,False
959,2025-12-21,diego,c,1402.12,True
960,2025-05-31,luis,b,2660.63,True
961,2025-02-26,laura,d,4371.29,True
962,2025-05-30,jose,b,3411.31,True
963,2025-11-03,luis,d,497.52,True
964,2025-03-21,laura,a,2981.76,True
965,2025-12-13,laura,c,1147.6,True
966,2025-08-03,diego,c,3683.38,True
967,2025-08-08,marta,a,4145.83,True
968,2025-04-26,carlos,a,2987.61,True
969,2025-12-02,laura,c,2977.24,True
970,2025-01-14,luis,c,1726.03,False
971,2025-04-20,laura,c,2258.94,True
972,2025-06-02,jose,a,4327.34,True
973,2025-06-24,diego,c,3630.44,True
974,2025-06-23,marta,d,2622.78,True
975,2025-02-23,sofia,a,1872.75,True
976,2025-03-24,ana,b,299.38,True
977,2025-02-04,jose,b,757.89,False
978,2025-07-28,marta,d,1005.47,False
979,2025-05-09,ana,b,1898.25,False
980,2025-07-26,laura,b,4723.51,True
981,2025-08-04,diego,c,2550.51,True
982,2025-09-14,sofia,a,1212.46,True
983,2025-07-19,ana,d,573.46,False
984,2025-08-25,laura,d,1724.61,True
985,2025-08-03,diego,c,4087.87,True
986,2025-08-27,laura,c,1947.55,True
987,2025-08-14,laura,c,3873.9,True
988,2025-04-26,luis,d,4023.39,True
989,2025-03-31,luis,d,598.56,True
990,2025-10-15,jose,b,3062.87,True
991,2025-05-06,sofia,b,4797.53,True
992,2025-07-20,carlos,c,2040.58,True
993,2025-03-13,marta,a,302.17,False
994,2025-06-07,diego,d,4620.35,True
995,2025-07-13,laura,d,4424.15,True
996,2025-08-17,ana,c,2634.6,False
997,2025-07-12,sofia,b,2783.65,True
998,2025-05-12,jose,b,1098.12,True
999,2025-12-18,marta,b,4106.28,True
1000,2025-07-07,marta,c,2518.07,False
